,Date,Benzene,Toluene,Ethylbenzene,m-Xylene p-Xylene,o-Xylene,Styrene,"1,2,4-Trimethylbenzene",3-Methylpentane,Cyclohexane,Chloroforme,Trichloroethylene,Tetrachloroethylene,"1,4-Dichlorobenzene",Methyl-tert-butyl ether,Acetate de butyle,1-Methoxy-2-propanol,Decamethylcyclopentasiloxane,Diethylphtalate,1S-Alpha-Pinene,Limonene,Composes_doses,COVtot,Campagne_str,Point_mesure,Localite_id
0,15.06-22.06.2022,-1000000,-1000000.0,1.0,2.0,1.0,-1000000.0,2.0,-1000000.0,-1000000.0,-1000000,-1000000,-1000000,-1000000,-1000000.0,18.0,10.0,-1000000.0,3.0,-1000000.0,-1000000.0,37.0,760.0,E22,NBA,8
1,15.06-22.06.2022,-1000000,-1000000.0,-1000000.0,1.0,1.0,-1000000.0,-1000000.0,-1000000.0,-1000000.0,-1000000,-1000000,-1000000,-1000000,-1000000.0,-1000000.0,5.0,-1000000.0,4.0,-1000000.0,-1000000.0,10.0,503.0,E22,NHA,8
2,15.06-22.06.2022,-1000000,-1000000.0,-1000000.0,1.0,1.0,-1000000.0,-1000000.0,-1000000.0,-1000000.0,-1000000,-1000000,-1000000,-1000000,-1000000.0,-1000000.0,-1000000.0,-1000000.0,3.0,-1000000.0,-1000000.0,5.0,380.0,E22,EXT,8
3,15.06-22.06.2022,-1000000,7.0,1.0,6.0,2.0,-1000000.0,-1000000.0,2.0,2.0,-1000000,-1000000,-1000000,-1000000,-1000000.0,60.0,33.0,2.0,2.0,4.0,3.0,123.0,879.0,E22,NBA,18
4,15.06-22.06.2022,-1000000,-1000000.0,1.0,4.0,2.0,-1000000.0,2.0,2.0,-1000000.0,-1000000,-1000000,-1000000,-1000000,-1000000.0,9.0,18.0,2.0,2.0,8.0,2.0,53.0,1122.0,E22,NHA,18
5,15.06-22.06.2022,-1000000,-1000000.0,-1000000.0,-1000000.0,-1000000.0,-1000000.0,-1000000.0,-1000000.0,-1000000.0,-1000000,-1000000,-1000000,-1000000,-1000000.0,-1000000.0,-1000000.0,-1000000.0,-1000000.0,-1000000.0,-1000000.0,35.0,377.0,E22,EXT,18
6,22.06-29.06.2022,-1000000,-1000000.0,1.0,1.0,1.0,-1000000.0,-1000000.0,-1000000.0,-1000000.0,-1000000,-1000000,-1000000,-1000000,-1000000.0,10.0,7.0,-1000000.0,-1000000.0,-1000000.0,-1000000.0,19.0,492.0,E22,NBA,8
7,22.06-29.06.2022,-1000000,-1000000.0,-1000000.0,1.0,1.0,-1000000.0,-1000000.0,-1000000.0,-1000000.0,-1000000,-1000000,-1000000,-1000000,-1000000.0,-1000000.0,5.0,-1000000.0,-1000000.0,-1000000.0,-1000000.0,7.0,395.0,E22,NHA,8
8,22.06-29.06.2022,-1000000,-1000000.0,1.0,1.0,1.0,-1000000.0,-1000000.0,3.0,-1000000.0,-1000000,-1000000,-1000000,-1000000,-1000000.0,-1000000.0,4.0,-1000000.0,-1000000.0,2.0,23.0,34.0,1086.0,E22,EXT,8
9,22.06-29.06.2022,-1000000,-1000000.0,1.0,2.0,1.0,-1000000.0,-1000000.0,-1000000.0,-1000000.0,-1000000,-1000000,-1000000,-1000000,-1000000.0,61.0,25.0,4.0,-1000000.0,-1000000.0,-1000000.0,93.0,825.0,E22,NBA,18
10,22.06-29.06.2022,-1000000,-1000000.0,1.0,3.0,1.0,-1000000.0,-1000000.0,-1000000.0,-1000000.0,-1000000,-1000000,-1000000,-1000000,-1000000.0,5.0,15.0,-1000000.0,-1000000.0,4.0,-1000000.0,28.0,881.0,E22,NHA,18
11,22.06-29.06.2022,-1000000,-1000000.0,-1000000.0,-1000000.0,-1000000.0,-1000000.0,-1000000.0,-1000000.0,-1000000.0,-1000000,-1000000,-1000000,-1000000,-1000000.0,-1000000.0,-1000000.0,-1000000.0,-1000000.0,-1000000.0,-1000000.0,35.0,272.0,E22,EXT,18
12,29.06-06.07.2022,-1000000,-1000000.0,1.0,2.0,1.0,-1000000.0,-1000000.0,-1000000.0,-1000000.0,-1000000,-1000000,-1000000,-1000000,-1000000.0,10.0,10.0,-1000000.0,-1000000.0,-1000000.0,-1000000.0,23.0,555.0,E22,NBA,8
13,29.06-06.07.2022,-1000000,-1000000.0,1.0,1.0,1.0,-1000000.0,-1000000.0,-1000000.0,-1000000.0,-1000000,-1000000,-1000000,-1000000,-1000000.0,-1000000.0,7.0,-1000000.0,-1000000.0,-1000000.0,-1000000.0,10.0,396.0,E22,NHA,8
14,29.06-06.07.2022,-1000000,-1000000.0,-1000000.0,1.0,-1000000.0,-1000000.0,-1000000.0,-1000000.0,-1000000.0,-1000000,-1000000,-1000000,-1000000,-1000000.0,-1000000.0,-1000000.0,-1000000.0,-1000000.0,-1000000.0,-1000000.0,1.0,252.0,E22,EXT,8
15,29.06-06.07.2022,-1000000,-1000000.0,1.0,2.0,1.0,-1000000.0,-1000000.0,2.0,-1000000.0,-1000000,-1000000,-1000000,-1000000,-1000000.0,58.0,17.0,5.0,-1000000.0,-1000000.0,-1000000.0,84.0,705.0,E22,NBA,18
16,29.06-06.07.2022,-1000000,-1000000.0,1.0,3.0,1.0,-1000000.0,-1000000.0,2.0,2.0,-1000000,-1000000,-1000000,-1000000,-1000000.0,7.0,12.0,3.0,2.0,4.0,2.0,38.0,979.0,E22,NHA,18
17,29.06-06.07.2022,-1000000,-1000000.0,-1000000.0,1.0,-1000000.0,-1000000.0,-1000000.0,-1000000.0,-1000000.0,-1000000,-1000000,-1000000,-1000000,-1000000.0,-1000000.0,-1000000.0,-1000000.0,-1000000.0,-1000000.0,-1000000.0,1.0,313.0,E22,EXT,18
18,31.08-07.09.2022,-1000000,-1000000.0,1.0,1.74366136427249,1.0,-1000000.0,-1000000.0,-1000000.0,-1000000.0,-1000000,-1000000,-1000000,-1000000,-1000000.0,8.12749472659685,4.38631068717641,-1000000.0,3.04028988537445,2.89844838283034,-1000000.0,21.8221845716596,411.247580765719,E22,NBA,14
19,31.08-07.09.2022,-1000000,-1000000.0,1.92691300565656,4.04738238270322,1.72868337306771,-1000000.0,-1000000.0,-1000000.0,-1000000.0,-1000000,-1000000,-1000000,-1000000,-1000000.0,3.64891461451823,8.24158715570101,-1000000.0,3.71340701720307,-1000000.0,-1000000.0,23.0,547.0,E22,NHA,14
20,31.08-07.09.2022,-1000000,-1000000.0,-1000000.0,1.25462305720434,1.0,-1000000.0,-1000000.0,-1000000.0,-1000000.0,-1000000,-1000000,-1000000,-1000000,-1000000.0,-1000000.0,-1000000.0,-1000000.0,1.79790569010368,-1000000.0,-1000000.0,4.0,188.0,E22,EXT,14
21,31.08-07.09.2022,-1000000,24.9795395816204,1.62019665227923,4.31639698475195,1.71089825508431,2.5639714307041,3.90737074476795,2.83076252070193,5.3217274455598,-1000000,-1000000,-1000000,-1000000,2.14497551373548,-1000000.0,9.319632965679,-1000000.0,2.79846410211199,-1000000.0,2.31134540216372,64.0,499.0,E22,NHA,6
22,31.08-07.09.2022,-1000000,-1000000.0,1.0,1.1149367114217,1.0,-1000000.0,4.05236788418312,-1000000.0,-1000000.0,-1000000,-1000000,-1000000,-1000000,-1000000.0,-1000000.0,9.60271614726358,-1000000.0,3.24318535141732,-1000000.0,-1000000.0,19.0,416.0,E22,NBA,6
23,31.08-07.09.2022,-1000000,-1000000.0,1.0,1.86374962208714,1.0,-1000000.0,1.77582432298086,-1000000.0,-1000000.0,-1000000,-1000000,-1000000,-1000000,-1000000.0,-1000000.0,-1000000.0,-1000000.0,2.81997119132528,-1000000.0,-1000000.0,8.0,393.0,E22,EXT,6
24,07.09-14.09.2022,-1000000,-1000000.0,1.0,2.26589581121788,1.01639152345575,-1000000.0,-1000000.0,-1000000.0,-1000000.0,-1000000,-1000000,-1000000,-1000000,-1000000.0,3.93898232193767,2.94650944413571,-1000000.0,2.66209182906823,2.47934784787269,-1000000.0,16.0,397.0,E22,NBA,14
25,07.09-14.09.2022,-1000000,-1000000.0,1.82933516690669,3.75929613037433,1.63336746262187,-1000000.0,1.89784483412425,-1000000.0,-1000000.0,-1000000,-1000000,-1000000,-1000000,1.44686952148979,8.97357643371755,38.4346796991518,-1000000.0,3.1258513292847,-1000000.0,-1000000.0,61.0,459.0,E22,NHA,14
26,07.09-14.09.2022,-1000000,-1000000.0,-1000000.0,1.00373474752094,1.0,-1000000.0,-1000000.0,-1000000.0,-1000000.0,-1000000,-1000000,-1000000,-1000000,-1000000.0,-1000000.0,-1000000.0,-1000000.0,1.86203931369803,-1000000.0,-1000000.0,3.0,136.0,E22,EXT,14
27,07.09-14.09.2022,-1000000,-1000000.0,1.0,1.13283526882437,1.0,-1000000.0,2.87329732464349,-1000000.0,-1000000.0,-1000000,-1000000,-1000000,-1000000,-1000000.0,-1000000.0,7.06586178580077,-1000000.0,3.24121967559284,-1000000.0,-1000000.0,15.0,350.0,E22,NBA,6
28,07.09-14.09.2022,-1000000,-1000000.0,1.0,1.21105066166237,1.0,-1000000.0,2.62725584240965,-1000000.0,-1000000.0,-1000000,-1000000,-1000000,-1000000,-1000000.0,-1000000.0,10.343170980499,-1000000.0,2.13445784363331,-1000000.0,-1000000.0,17.0,401.0,E22,NHA,6
29,07.09-14.09.2022,-1000000,-1000000.0,-1000000.0,1.0,-1000000.0,-1000000.0,-1000000.0,-1000000.0,-1000000.0,-1000000,-1000000,-1000000,-1000000,-1000000.0,-1000000.0,-1000000.0,-1000000.0,3.39930031113531,-1000000.0,-1000000.0,4.0,153.0,E22,EXT,6
30,14.09-21.09.2022,-1000000,-1000000.0,1.0,1.86430500908317,1.0,-1000000.0,-1000000.0,-1000000.0,-1000000.0,-1000000,-1000000,-1000000,-1000000,-1000000.0,-1000000.0,2.84158576549513,1.82306127374291,-1000000.0,2.30791824694809,-1000000.0,10.0,323.0,E22,NBA,14
31,14.09-21.09.2022,-1000000,-1000000.0,1.91339131284238,4.16836723096012,1.72638399331129,-1000000.0,2.30317830830171,-1000000.0,-1000000.0,-1000000,-1000000,-1000000,-1000000,-1000000.0,12.2731744925073,45.4575293613782,-1000000.0,2.76129477222347,-1000000.0,-1000000.0,71.0,446.0,E22,NHA,14
32,14.09-21.09.2022,-1000000,-1000000.0,-1000000.0,1.0,-1000000.0,-1000000.0,-1000000.0,-1000000.0,-1000000.0,-1000000,-1000000,-1000000,-1000000,-1000000.0,-1000000.0,-1000000.0,-1000000.0,-1000000.0,-1000000.0,-1000000.0,1.0,231.0,E22,EXT,14
33,14.09-21.09.2022,-1000000,-1000000.0,-1000000.0,1.05914844593741,1.0,-1000000.0,2.20333851648713,-1000000.0,-1000000.0,-1000000,-1000000,-1000000,-1000000,-1000000.0,-1000000.0,5.60604037212388,-1000000.0,-1000000.0,-1000000.0,-1000000.0,9.0,397.0,E22,NHA,6
34,14.09-21.09.2022,-1000000,-1000000.0,1.0,1.03853267244134,1.0,-1000000.0,3.26538315579121,-1000000.0,-1000000.0,-1000000,-1000000,-1000000,-1000000,-1000000.0,-1000000.0,6.6615378704893,-1000000.0,2.27818483536837,-1000000.0,2.37035064327714,16.0,347.0,E22,NBA,6
35,14.09-21.09.2022,-1000000,-1000000.0,-1000000.0,1.0,-1000000.0,-1000000.0,-1000000.0,-1000000.0,-1000000.0,-1000000,-1000000,-1000000,-1000000,-1000000.0,-1000000.0,-1000000.0,-1000000.0,-1000000.0,-1000000.0,-1000000.0,1.0,242.0,E22,EXT,6
36,03.11-10.11.2021,-1000000,-1000000.0,1.0,1.0,1.0,-1000000.0,2.0,-1000000.0,-1000000.0,-1000000,-1000000,-1000000,-1000000,-1000000.0,6.0,7.0,-1000000.0,2.0,-1000000.0,5.0,24.0,362.0,A21,NHA,6
37,03.11-10.11.2021,-1000000,-1000000.0,1.0,1.0,1.0,-1000000.0,2.0,-1000000.0,-1000000.0,-1000000,-1000000,-1000000,-1000000,-1000000.0,-1000000.0,4.0,4.0,3.0,-1000000.0,6.0,21.0,323.0,A21,NBA,6
38,03.11-10.11.2021,-1000000,-1000000.0,-1000000.0,1.0,1.0,-1000000.0,-1000000.0,2.0,-1000000.0,-1000000,-1000000,-1000000,-1000000,-1000000.0,-1000000.0,-1000000.0,-1000000.0,-1000000.0,-1000000.0,-1000000.0,3.0,231.0,A21,EXT,6
39,03.11-10.11.2021,-1000000,-1000000.0,1.0,2.0,1.0,-1000000.0,-1000000.0,2.0,-1000000.0,-1000000,-1000000,-1000000,-1000000,-1000000.0,5.0,-1000000.0,-1000000.0,3.0,-1000000.0,-1000000.0,12.0,304.0,A21,NBA,8
40,03.11-10.11.2021,-1000000,-1000000.0,1.0,2.0,1.0,-1000000.0,-1000000.0,2.0,-1000000.0,-1000000,-1000000,-1000000,-1000000,-1000000.0,-1000000.0,2.0,-1000000.0,2.0,2.0,-1000000.0,11.0,292.0,A21,NHA,8
41,03.11-10.11.2021,-1000000,-1000000.0,-1000000.0,2.0,1.0,-1000000.0,-1000000.0,2.0,-1000000.0,-1000000,-1000000,-1000000,-1000000,-1000000.0,-1000000.0,-1000000.0,-1000000.0,-1000000.0,-1000000.0,-1000000.0,4.0,147.0,A21,EXT,8
42,10.11-17.11.2021,-1000000,-1000000.0,1.0,3.0,1.0,-1000000.0,-1000000.0,3.0,2.0,-1000000,-1000000,-1000000,-1000000,-1000000.0,7.0,5.0,-1000000.0,2.0,-1000000.0,2.0,27.0,281.0,A21,NBA,8
43,10.11-17.11.2021,-1000000,6.0,1.0,3.0,1.0,-1000000.0,-1000000.0,3.0,-1000000.0,-1000000,-1000000,-1000000,-1000000,-1000000.0,4.0,3.0,-1000000.0,-1000000.0,3.0,4.0,27.0,320.0,A21,NHA,8
44,10.11-17.11.2021,-1000000,6.0,1.0,3.0,1.0,-1000000.0,-1000000.0,3.0,-1000000.0,-1000000,-1000000,-1000000,-1000000,-1000000.0,-1000000.0,-1000000.0,-1000000.0,-1000000.0,-1000000.0,-1000000.0,14.0,205.0,A21,EXT,8
45,10.11-17.11.2021,-1000000,5.0,1.0,2.0,1.0,-1000000.0,2.0,2.0,-1000000.0,-1000000,-1000000,-1000000,-1000000,-1000000.0,3.0,5.0,3.0,2.0,2.0,5.0,33.0,347.0,A21,NBA,6
46,15.11-22.12.2021,-1000000,-1000000.0,1.0,2.0,1.0,-1000000.0,-1000000.0,3.0,-1000000.0,-1000000,-1000000,-1000000,-1000000,-1000000.0,-1000000.0,-1000000.0,-1000000.0,-1000000.0,-1000000.0,,6.0,192.0,A21,EXT,14
47,15.11-22.12.2021,-1000000,-1000000.0,1.0,3.0,1.0,-1000000.0,-1000000.0,2.0,-1000000.0,-1000000,-1000000,-1000000,-1000000,-1000000.0,3.0,3.0,8.0,3.0,2.0,,26.0,272.0,A21,NBA,14
48,15.11-22.12.2021,-1000000,6.0,2.0,6.0,2.0,-1000000.0,2.0,4.0,6.0,-1000000,-1000000,-1000000,-1000000,-1000000.0,4.0,3.0,-1000000.0,-1000000.0,5.0,,41.0,591.0,A21,NHA,14
49,15.11-22.12.2021,23,30.0,2.0,8.0,2.0,-1000000.0,-1000000.0,3.0,2.0,-1000000,-1000000,-1000000,-1000000,-1000000.0,33.0,4.0,-1000000.0,6.0,7.0,,121.0,1053.0,A21,NBA,18
50,15.11-22.12.2021,-1000000,7.0,1.0,4.0,1.0,-1000000.0,-1000000.0,3.0,2.0,-1000000,-1000000,-1000000,-1000000,-1000000.0,5.0,5.0,4.0,17.0,6.0,,55.0,706.0,A21,NHA,18
51,15.11-22.12.2021,-1000000,-1000000.0,1.0,2.0,1.0,-1000000.0,-1000000.0,3.0,-1000000.0,-1000000,-1000000,-1000000,-1000000,-1000000.0,-1000000.0,-1000000.0,-1000000.0,-1000000.0,-1000000.0,,6.0,189.0,A21,EXT,18
52,10.11-17.11.2021,-1000000,-1000000.0,-1000000.0,1.0,1.0,-1000000.0,-1000000.0,-1000000.0,-1000000.0,-1000000,-1000000,-1000000,-1000000,-1000000.0,3.0,3.0,-1000000.0,-1000000.0,-1000000.0,3.0,10.0,239.0,A21,NHA,6
53,10.11-17.11.2021,-1000000,-1000000.0,1.0,2.0,1.0,-1000000.0,-1000000.0,2.0,-1000000.0,-1000000,-1000000,-1000000,-1000000,-1000000.0,21.0,-1000000.0,-1000000.0,-1000000.0,-1000000.0,-1000000.0,27.0,234.0,A21,EXT,6
54,17.11-24.11.2021,-1000000,-1000000.0,1.0,2.0,1.0,-1000000.0,2.0,2.0,-1000000.0,-1000000,-1000000,-1000000,-1000000,-1000000.0,-1000000.0,4.0,4.0,-1000000.0,14.0,,29.0,284.0,A21,NBA,6
55,17.11-24.11.2021,-1000000,5.0,1.0,2.0,1.0,-1000000.0,2.0,2.0,-1000000.0,-1000000,-1000000,-1000000,-1000000,-1000000.0,2.0,4.0,-1000000.0,-1000000.0,9.0,,28.0,306.0,A21,NHA,6
56,17.11-24.11.2021,-1000000,-1000000.0,1.0,1.0,1.0,-1000000.0,-1000000.0,3.0,-1000000.0,-1000000,-1000000,-1000000,-1000000,-1000000.0,-1000000.0,-1000000.0,-1000000.0,-1000000.0,-1000000.0,,5.0,99.0,A21,EXT,6
57,17.11-24.11.2021,-1000000,-1000000.0,1.0,2.0,1.0,-1000000.0,-1000000.0,3.0,-1000000.0,-1000000,-1000000,-1000000,-1000000,-1000000.0,11.0,2.0,-1000000.0,-1000000.0,-1000000.0,,19.0,304.0,A21,NBA,8
58,17.11-24.11.2021,-1000000,-1000000.0,1.0,2.0,1.0,-1000000.0,-1000000.0,3.0,-1000000.0,-1000000,-1000000,-1000000,-1000000,-1000000.0,-1000000.0,2.0,-1000000.0,2.0,13.0,,23.0,235.0,A21,NHA,8
59,17.11-24.11.2021,-1000000,-1000000.0,1.0,2.0,1.0,-1000000.0,-1000000.0,4.0,-1000000.0,-1000000,-1000000,-1000000,-1000000,-1000000.0,-1000000.0,-1000000.0,-1000000.0,-1000000.0,-1000000.0,,7.0,156.0,A21,EXT,8
60,01.11-07.12.2021,-1000000,-1000000.0,1.0,1.0,1.0,-1000000.0,-1000000.0,-1000000.0,2.0,-1000000,-1000000,-1000000,-1000000,-1000000.0,34.0,5.0,-1000000.0,-1000000.0,7.0,14.0,64.0,500.0,A21,NBA,18
61,01.11-07.12.2021,-1000000,-1000000.0,1.0,2.0,1.0,-1000000.0,-1000000.0,-1000000.0,-1000000.0,-1000000,-1000000,-1000000,-1000000,-1000000.0,4.0,5.0,4.0,3.0,8.0,6.0,33.0,541.0,A21,NHA,18
62,01.11-07.12.2021,-1000000,-1000000.0,-1000000.0,-1000000.0,-1000000.0,-1000000.0,-1000000.0,-1000000.0,-1000000.0,-1000000,-1000000,-1000000,-1000000,-1000000.0,-1000000.0,-1000000.0,-1000000.0,-1000000.0,-1000000.0,-1000000.0,40.0,174.0,A21,EXT,14
63,01.11-07.12.2021,-1000000,-1000000.0,1.0,2.0,1.0,-1000000.0,-1000000.0,-1000000.0,-1000000.0,-1000000,-1000000,-1000000,-1000000,-1000000.0,-1000000.0,4.0,4.0,3.0,-1000000.0,-1000000.0,15.0,287.0,A21,NBA,14
64,01.11-07.12.2021,-1000000,-1000000.0,1.0,3.0,1.0,-1000000.0,2.0,-1000000.0,-1000000.0,-1000000,-1000000,-1000000,-1000000,-1000000.0,3.0,19.0,-1000000.0,4.0,-1000000.0,-1000000.0,34.0,872.0,A21,NHA,14
65,07.11-15.12.2021,-1000000,6.0,1.0,2.0,1.0,-1000000.0,-1000000.0,2.0,-1000000.0,-1000000,-1000000,-1000000,-1000000,-1000000.0,34.0,8.0,-1000000.0,2.0,14.0,10.0,80.0,548.0,A21,NBA,18
66,07.11-15.12.2021,-1000000,-1000000.0,1.0,3.0,1.0,-1000000.0,-1000000.0,2.0,-1000000.0,-1000000,-1000000,-1000000,-1000000,-1000000.0,7.0,5.0,4.0,2.0,14.0,7.0,45.0,611.0,A21,NHA,18
67,07.11-15.12.2021,-1000000,5.0,1.0,1.0,1.0,-1000000.0,-1000000.0,3.0,-1000000.0,-1000000,-1000000,-1000000,-1000000,-1000000.0,-1000000.0,-1000000.0,-1000000.0,-1000000.0,-1000000.0,-1000000.0,10.0,252.0,A21,EXT,18
68,07.11-15.12.2021,-1000000,-1000000.0,1.0,2.0,1.0,-1000000.0,-1000000.0,3.0,-1000000.0,-1000000,-1000000,-1000000,-1000000,-1000000.0,-1000000.0,-1000000.0,-1000000.0,-1000000.0,-1000000.0,-1000000.0,6.0,273.0,A21,EXT,14
69,07.11-15.12.2021,-1000000,-1000000.0,1.0,3.0,1.0,-1000000.0,-1000000.0,3.0,-1000000.0,-1000000,-1000000,-1000000,-1000000,-1000000.0,4.0,4.0,5.0,-1000000.0,2.0,2.0,25.0,352.0,A21,NBA,14
70,07.11-15.12.2021,-1000000,-1000000.0,2.0,5.0,2.0,-1000000.0,3.0,3.0,-1000000.0,-1000000,-1000000,-1000000,-1000000,-1000000.0,1.0,7.0,-1000000.0,-1000000.0,-1000000.0,2.0,25.0,499.0,A21,NHA,14
71,26.02-02.02.2022,-1000000,-1000000.0,1.0,3.0,1.0,-1000000.0,-1000000.0,3.0,-1000000.0,-1000000,-1000000,-1000000,-1000000,-1000000.0,-1000000.0,3.0,8.0,,2.0,2.0,23.0,372.0,H22,NBA,14
72,26.02-02.02.2022,-1000000,-1000000.0,2.0,5.0,2.0,-1000000.0,3.0,3.0,-1000000.0,-1000000,-1000000,-1000000,-1000000,-1000000.0,-1000000.0,3.0,-1000000.0,,-1000000.0,-1000000.0,17.0,417.0,H22,NHA,14
73,26.02-02.02.2022,-1000000,-1000000.0,1.0,2.0,1.0,-1000000.0,-1000000.0,4.0,2.0,-1000000,-1000000,-1000000,-1000000,-1000000.0,-1000000.0,-1000000.0,-1000000.0,,-1000000.0,-1000000.0,10.0,223.0,H22,EXT,14
74,26.02-02.02.2022,-1000000,-1000000.0,1.0,1.0,1.0,-1000000.0,-1000000.0,3.0,-1000000.0,-1000000,-1000000,-1000000,-1000000,-1000000.0,-1000000.0,4.0,6.0,,-1000000.0,2.0,17.0,343.0,H22,NBA,6
75,26.02-02.02.2022,-1000000,-1000000.0,1.0,1.0,1.0,-1000000.0,2.0,3.0,-1000000.0,-1000000,-1000000,-1000000,-1000000,-1000000.0,4.0,5.0,-1000000.0,,-1000000.0,2.0,18.0,393.0,H22,NHA,6
76,26.02-02.02.2022,-1000000,-1000000.0,-1000000.0,1.0,1.0,-1000000.0,-1000000.0,3.0,-1000000.0,-1000000,-1000000,-1000000,-1000000,-1000000.0,-1000000.0,-1000000.0,-1000000.0,,-1000000.0,-1000000.0,5.0,269.0,H22,EXT,6
77,02.02-09.02.2022,-1000000,27.0,1.0,3.0,1.0,-1000000.0,-1000000.0,3.0,5.0,-1000000,-1000000,-1000000,-1000000,-1000000.0,-1000000.0,3.0,10.0,,-1000000.0,-1000000.0,53.0,464.0,H22,NBA,14
78,02.02-09.02.2022,-1000000,-1000000.0,2.0,5.0,2.0,-1000000.0,3.0,3.0,-1000000.0,-1000000,-1000000,-1000000,-1000000,-1000000.0,-1000000.0,8.0,2.0,,-1000000.0,-1000000.0,23.0,493.0,H22,NHA,14
79,02.02-09.02.2022,-1000000,-1000000.0,1.0,1.0,1.0,-1000000.0,-1000000.0,3.0,2.0,-1000000,-1000000,-1000000,-1000000,-1000000.0,-1000000.0,-1000000.0,-1000000.0,,-1000000.0,-1000000.0,7.0,238.0,H22,EXT,14
80,02.02-09.02.2022,-1000000,-1000000.0,1.0,1.0,1.0,-1000000.0,-1000000.0,2.0,-1000000.0,-1000000,-1000000,-1000000,-1000000,-1000000.0,-1000000.0,4.0,2.0,,-1000000.0,3.0,13.0,361.0,H22,NBA,6
81,02.02-09.02.2022,-1000000,6.0,-1000000.0,1.0,1.0,-1000000.0,2.0,3.0,27.0,-1000000,-1000000,-1000000,-1000000,-1000000.0,4.0,12.0,-1000000.0,,-1000000.0,3.0,56.0,428.0,H22,NHA,6
82,02.02-09.02.2022,3,26.0,3.0,14.0,4.0,-1000000.0,2.0,26.0,2.0,-1000000,-1000000,-1000000,-1000000,7.0,3.0,-1000000.0,-1000000.0,,-1000000.0,-1000000.0,91.0,398.0,H22,EXT,6
83,09.02-16.02.2022,-1000000,-1000000.0,-1000000.0,1.0,-1000000.0,-1000000.0,-1000000.0,2.0,-1000000.0,-1000000,-1000000,-1000000,-1000000,-1000000.0,-1000000.0,4.0,-1000000.0,,-1000000.0,2.0,8.0,269.0,H22,NBA,6
84,09.02-16.02.2022,-1000000,5.0,-1000000.0,1.0,1.0,-1000000.0,2.0,3.0,25.0,-1000000,-1000000,-1000000,-1000000,-1000000.0,4.0,8.0,-1000000.0,,-1000000.0,-1000000.0,49.0,375.0,H22,NHA,6
85,09.02-16.02.2022,-1000000,-1000000.0,-1000000.0,1.0,-1000000.0,-1000000.0,-1000000.0,2.0,-1000000.0,-1000000,-1000000,-1000000,-1000000,-1000000.0,-1000000.0,-1000000.0,-1000000.0,,-1000000.0,-1000000.0,3.0,237.0,H22,EXT,6
86,09.02-16.02.2022,-1000000,-1000000.0,1.0,2.0,1.0,-1000000.0,-1000000.0,2.0,2.0,-1000000,-1000000,-1000000,-1000000,-1000000.0,2.0,3.0,11.0,,2.0,-1000000.0,27.0,457.0,H22,NBA,14
87,09.02-16.02.2022,-1000000,-1000000.0,2.0,4.0,2.0,-1000000.0,2.0,2.0,-1000000.0,-1000000,-1000000,-1000000,-1000000,-1000000.0,-1000000.0,5.0,2.0,,-1000000.0,-1000000.0,18.0,462.0,H22,NHA,14
88,09.02-16.02.2022,-1000000,-1000000.0,-1000000.0,1.0,1.0,-1000000.0,-1000000.0,3.0,30.0,-1000000,-1000000,-1000000,-1000000,-1000000.0,-1000000.0,5.0,-1000000.0,,-1000000.0,-1000000.0,39.0,293.0,H22,EXT,14
89,09.03-16.03.2022,-1000000,-1000000.0,1.0,3.0,1.0,-1000000.0,-1000000.0,3.0,2.0,-1000000,-1000000,-1000000,-1000000,-1000000.0,4.0,7.0,4.0,2.0,2.0,2.0,30.0,697.0,H22,NHA,18
90,09.03-16.03.2022,-1000000,-1000000.0,1.0,2.0,1.0,-1000000.0,-1000000.0,3.0,2.0,-1000000,-1000000,-1000000,-1000000,-1000000.0,47.0,7.0,-1000000.0,-1000000.0,-1000000.0,-1000000.0,62.0,601.0,H22,NBA,18
91,09.03-16.03.2022,-1000000,-1000000.0,1.0,1.0,1.0,-1000000.0,-1000000.0,4.0,-1000000.0,-1000000,-1000000,-1000000,-1000000,-1000000.0,-1000000.0,-1000000.0,-1000000.0,-1000000.0,-1000000.0,-1000000.0,6.0,344.0,H22,EXT,18
92,09.03-16.03.2022,-1000000,-1000000.0,1.0,2.0,1.0,-1000000.0,-1000000.0,2.0,-1000000.0,-1000000,-1000000,-1000000,-1000000,-1000000.0,21.0,6.0,-1000000.0,-1000000.0,-1000000.0,-1000000.0,33.0,431.0,H22,NBA,8
93,09.03-16.03.2022,-1000000,-1000000.0,1.0,2.0,1.0,-1000000.0,-1000000.0,2.0,-1000000.0,-1000000,-1000000,-1000000,-1000000,-1000000.0,-1000000.0,9.0,-1000000.0,2.0,-1000000.0,-1000000.0,16.0,408.0,H22,NHA,8
94,09.03-16.03.2022,-1000000,5.0,1.0,2.0,1.0,-1000000.0,-1000000.0,3.0,2.0,-1000000,-1000000,-1000000,-1000000,-1000000.0,-1000000.0,-1000000.0,-1000000.0,-1000000.0,-1000000.0,-1000000.0,13.0,337.0,H22,EXT,8
95,23.03-30.03.2022,-1000000,7.0,1.0,3.0,1.0,-1000000.0,-1000000.0,-1000000.0,-1000000.0,-1000000,-1000000,-1000000,-1000000,-1000000.0,51.0,20.0,8.0,-1000000.0,-1000000.0,-1000000.0,90.0,625.0,H22,NBA,18
96,23.03-30.03.2022,-1000000,-1000000.0,1.0,3.0,1.0,-1000000.0,-1000000.0,2.0,-1000000.0,-1000000,-1000000,-1000000,-1000000,-1000000.0,4.0,11.0,4.0,-1000000.0,2.0,-1000000.0,27.0,708.0,H22,NHA,18
97,23.03-30.03.2022,-1000000,-1000000.0,-1000000.0,-1000000.0,-1000000.0,-1000000.0,-1000000.0,-1000000.0,-1000000.0,-1000000,-1000000,-1000000,-1000000,-1000000.0,-1000000.0,-1000000.0,-1000000.0,-1000000.0,-1000000.0,-1000000.0,35.0,285.0,H22,EXT,18
98,23.03-30.03.2022,-1000000,-1000000.0,1.0,2.0,1.0,-1000000.0,-1000000.0,-1000000.0,-1000000.0,-1000000,-1000000,-1000000,-1000000,-1000000.0,-1000000.0,20.0,-1000000.0,3.0,-1000000.0,-1000000.0,26.0,376.0,H22,NHA,8
99,23.03-30.03.2022,-1000000,-1000000.0,-1000000.0,1.0,1.0,-1000000.0,-1000000.0,1.0,-1000000.0,-1000000,-1000000,-1000000,-1000000,-1000000.0,18.0,2.0,2.0,2.0,-1000000.0,-1000000.0,27.0,371.0,H22,NBA,8
100,23.03-30.03.2022,-1000000,-1000000.0,-1000000.0,1.0,-1000000.0,-1000000.0,-1000000.0,2.0,-1000000.0,-1000000,-1000000,-1000000,-1000000,-1000000.0,-1000000.0,-1000000.0,-1000000.0,2.0,-1000000.0,-1000000.0,5.0,249.0,H22,EXT,8
101,16.03-23.03.2022,-1000000,-1000000.0,1.0,2.0,1.0,-1000000.0,-1000000.0,10.0,2.0,-1000000,-1000000,-1000000,-1000000,-1000000.0,48.0,22.0,3.0,2.0,-1000000.0,2.0,93.0,481.0,H22,NBA,18
102,16.03-23.03.2022,-1000000,-1000000.0,1.0,2.0,1.0,-1000000.0,-1000000.0,3.0,-1000000.0,-1000000,-1000000,-1000000,-1000000,-1000000.0,4.0,12.0,4.0,2.0,-1000000.0,3.0,33.0,557.0,H22,NHA,18
103,16.03-23.03.2022,-1000000,-1000000.0,-1000000.0,1.0,-1000000.0,-1000000.0,-1000000.0,21.0,-1000000.0,-1000000,-1000000,-1000000,-1000000,-1000000.0,-1000000.0,-1000000.0,-1000000.0,-1000000.0,-1000000.0,-1000000.0,21.0,199.0,H22,EXT,18
104,16.03-23.03.2022,-1000000,-1000000.0,1.0,1.0,1.0,-1000000.0,-1000000.0,7.0,-1000000.0,-1000000,-1000000,-1000000,-1000000,-1000000.0,23.0,3.0,-1000000.0,3.0,-1000000.0,-1000000.0,38.0,345.0,H22,NBA,8
105,16.03-23.03.2022,-1000000,9.0,1.0,1.0,1.0,-1000000.0,-1000000.0,27.0,3.0,-1000000,-1000000,-1000000,-1000000,-1000000.0,-1000000.0,2.0,-1000000.0,2.0,-1000000.0,-1000000.0,46.0,406.0,H22,NHA,8
106,16.03-23.03.2022,-1000000,-1000000.0,-1000000.0,1.0,1.0,-1000000.0,-1000000.0,2.0,-1000000.0,-1000000,-1000000,-1000000,-1000000,-1000000.0,-1000000.0,-1000000.0,-1000000.0,-1000000.0,-1000000.0,-1000000.0,4.0,201.0,H22,EXT,8
107,25.01-01.02.2023,-1000000,-1000000.0,1.0,1.23526665431607,1.0,-1000000.0,-1000000.0,-1000000.0,-1000000.0,-1000000,-1000000,-1000000,-1000000,-1000000.0,26.9685665865818,1.79679728083662,9.55266444772966,-1000000.0,-1000000.0,-1000000.0,40.3967407922996,299.503794982767,H23,NBA,8
108,25.01-01.02.2023,-1000000,-1000000.0,-1000000.0,1.09528872762219,1.0,-1000000.0,-1000000.0,-1000000.0,-1000000.0,-1000000,-1000000,-1000000,-1000000,-1000000.0,-1000000.0,1.81542599554276,-1000000.0,1.65042256279784,-1000000.0,4.15591307467231,9.14357976436584,539.092447263961,H23,NHA,8
109,25.01-01.02.2023,-1000000,-1000000.0,1.0,1.19117333570595,1.0,-1000000.0,-1000000.0,-1000000.0,-1000000.0,-1000000,-1000000,-1000000,-1000000,-1000000.0,-1000000.0,-1000000.0,-1000000.0,-1000000.0,-1000000.0,-1000000.0,1.97292236436857,152.364708174624,H23,EXT,8
110,25.01-01.02.2023,-1000000,-1000000.0,1.0,3.30026435443026,1.16724521443935,-1000000.0,-1000000.0,-1000000.0,-1000000.0,-1000000,-1000000,-1000000,-1000000,-1000000.0,32.7002176829213,23.3498755637423,4.06726979909348,-1000000.0,-1000000.0,3.88512420908076,69.3786597784075,337.581696372105,H23,NBA,18
111,25.01-01.02.2023,-1000000,-1000000.0,1.45656858918828,4.91211202383409,1.74845406010513,-1000000.0,-1000000.0,-1000000.0,1.70208215063623,-1000000,-1000000,-1000000,-1000000,-1000000.0,6.25386251867351,11.0426884460684,10.1798937206192,-1000000.0,2.49589816513259,9.48668334410814,49.2782430183656,506.484369408077,H23,NHA,18
112,25.01-01.02.2023,-1000000,-1000000.0,-1000000.0,1.0,-1000000.0,-1000000.0,-1000000.0,-1000000.0,-1000000.0,-1000000,-1000000,-1000000,-1000000,-1000000.0,-1000000.0,-1000000.0,-1000000.0,-1000000.0,-1000000.0,-1000000.0,0.881234935225143,149.97382083597,H23,EXT,18
113,01.02-08.02.2023,-1000000,-1000000.0,-1000000.0,1.05046499021585,1.0,-1000000.0,-1000000.0,-1000000.0,-1000000.0,-1000000,-1000000,-1000000,-1000000,-1000000.0,13.6078942342242,4.30017903577732,7.345156875072,-1000000.0,-1000000.0,-1000000.0,26.7371744352912,300.728068779769,H23,NBA,8
114,01.02-08.02.2023,-1000000,-1000000.0,-1000000.0,1.0,1.0,-1000000.0,-1000000.0,-1000000.0,-1000000.0,-1000000,-1000000,-1000000,-1000000,-1000000.0,-1000000.0,5.14438355187024,-1000000.0,-1000000.0,-1000000.0,-1000000.0,6.48321291939952,290.791568697982,H23,NHA,8
115,01.02-08.02.2023,-1000000,-1000000.0,-1000000.0,-1000000.0,-1000000.0,-1000000.0,-1000000.0,-1000000.0,-1000000.0,-1000000,-1000000,-1000000,-1000000,-1000000.0,-1000000.0,-1000000.0,-1000000.0,-1000000.0,-1000000.0,-1000000.0,34.2933299459611,119.583308982707,H23,EXT,8
116,01.02-08.02.2023,-1000000,-1000000.0,1.0,2.40277907376369,1.0,-1000000.0,-1000000.0,-1000000.0,-1000000.0,-1000000,-1000000,-1000000,-1000000,-1000000.0,48.4829591418153,26.8147510224772,2.90891849087403,-1000000.0,-1000000.0,4.93101347820031,87.0709881085781,423.709267703409,H23,NBA,18
117,01.02-08.02.2023,-1000000,-1000000.0,1.16880029786136,3.89770086931166,1.42900775536947,-1000000.0,-1000000.0,-1000000.0,-1000000.0,-1000000,-1000000,-1000000,-1000000,-1000000.0,6.18292932979685,27.1023438268824,9.70217525287139,-1000000.0,2.55103416178407,8.35609481973638,60.3900863136136,558.825092701933,H23,NHA,18
118,01.02-08.02.2023,-1000000,-1000000.0,-1000000.0,1.0,-1000000.0,-1000000.0,-1000000.0,-1000000.0,-1000000.0,-1000000,-1000000,-1000000,-1000000,-1000000.0,-1000000.0,-1000000.0,-1000000.0,-1000000.0,-1000000.0,-1000000.0,0.714248329505474,156.272935379181,H23,EXT,18
119,08.02-15.02.2023,-1000000,-1000000.0,1.0,2.37040713521068,1.0,-1000000.0,-1000000.0,1.75298807002787,-1000000.0,-1000000,-1000000,-1000000,-1000000,-1000000.0,-1000000.0,-1000000.0,-1000000.0,-1000000.0,-1000000.0,-1000000.0,5.56675615493332,271.211303668084,H23,NHA,8
120,08.02-15.02.2023,-1000000,-1000000.0,1.0,2.35493575582623,1.0,-1000000.0,-1000000.0,1.71786704963212,-1000000.0,-1000000,-1000000,-1000000,-1000000,-1000000.0,8.57490485479268,1.96829426529099,5.42124881058611,-1000000.0,-1000000.0,-1000000.0,21.5216902384171,305.629690176191,H23,NBA,8
121,08.02-15.02.2023,-1000000,4.95018315814499,1.0,2.57606652323243,1.0,-1000000.0,-1000000.0,2.48195740357214,-1000000.0,-1000000,-1000000,-1000000,-1000000,-1000000.0,-1000000.0,-1000000.0,-1000000.0,-1000000.0,-1000000.0,-1000000.0,11.5948910156216,180.449187611439,H23,EXT,8
122,08.02-15.02.2023,-1000000,-1000000.0,-1000000.0,1.19909267518464,1.0,-1000000.0,-1000000.0,-1000000.0,-1000000.0,-1000000,-1000000,-1000000,-1000000,-1000000.0,-1000000.0,-1000000.0,-1000000.0,-1000000.0,-1000000.0,-1000000.0,1.66109012710777,225.988031656851,H23,EXT,18
123,08.02-15.02.2023,-1000000,-1000000.0,12.6977798252719,45.5005238387905,16.1171025066219,-1000000.0,14.0401627899415,2.69103742806547,3.84199805181708,-1000000,-1000000,-1000000,-1000000,-1000000.0,60.1417448592533,25.2724785248662,2.35559267975931,2.98553701556375,-1000000.0,4.00604900995475,189.650006529906,670.737122510598,H23,NBA,18
124,08.02-15.02.2023,-1000000,-1000000.0,12.7873800575449,46.2412998001949,16.1459940999947,-1000000.0,14.3780656046018,4.65410052537595,3.4500518422826,-1000000,-1000000,-1000000,-1000000,-1000000.0,39.3776453525268,17.9678741056768,3.38244660717012,-1000000.0,2.27975711794048,6.00421245081468,166.668827564124,758.668102609492,H23,NHA,18
125,08.03-15.03.2023,-1000000,-1000000.0,1.0,1.97004394547404,1.0,-1000000.0,-1000000.0,-1000000.0,-1000000.0,-1000000,-1000000,-1000000,-1000000,-1000000.0,4.89009821163241,2.87649580396357,3.34685794744873,-1000000.0,-1000000.0,-1000000.0,14.8694790784505,242.501504407536,H23,NBA,14
126,08.03-15.03.2023,-1000000,-1000000.0,1.66106020427052,3.60598895779205,1.68063791417685,-1000000.0,3.2239458651164,-1000000.0,-1000000.0,-1000000,-1000000,-1000000,-1000000,-1000000.0,-1000000.0,6.56544814289105,-1000000.0,-1000000.0,-1000000.0,1.91257056126281,18.6496516455097,403.996635398548,H23,NHA,14
127,08.03-15.03.2023,-1000000,-1000000.0,-1000000.0,-1000000.0,-1000000.0,-1000000.0,-1000000.0,-1000000.0,-1000000.0,-1000000,-1000000,-1000000,-1000000,-1000000.0,-1000000.0,-1000000.0,-1000000.0,-1000000.0,-1000000.0,-1000000.0,35.9079200008586,111.099669851891,H23,EXT,14
128,08.03-15.03.2023,-1000000,-1000000.0,-1000000.0,-1000000.0,-1000000.0,-1000000.0,1.67518532280183,-1000000.0,-1000000.0,-1000000,-1000000,-1000000,-1000000,-1000000.0,-1000000.0,6.66240911657898,-1000000.0,-1000000.0,-1000000.0,3.37254718376071,11.7101416231415,279.231523556426,H23,NBA,6
129,08.03-15.03.2023,-1000000,-1000000.0,-1000000.0,1.0,-1000000.0,-1000000.0,1.92714484676287,-1000000.0,-1000000.0,-1000000,-1000000,-1000000,-1000000,-1000000.0,-1000000.0,10.1030369097393,-1000000.0,2.68711063576402,-1000000.0,-1000000.0,15.461324427008,320.978025969258,H23,NHA,6
130,08.03-15.03.2023,-1000000,-1000000.0,-1000000.0,-1000000.0,-1000000.0,-1000000.0,-1000000.0,-1000000.0,-1000000.0,-1000000,-1000000,-1000000,-1000000,-1000000.0,-1000000.0,-1000000.0,-1000000.0,-1000000.0,-1000000.0,-1000000.0,34.4892918313666,172.896873565739,H23,EXT,6
131,16.03-22.03.2023,-1000000,-1000000.0,1.16734212656988,3.22319849007687,1.48795823473592,-1000000.0,-1000000.0,-1000000.0,-1000000.0,-1000000,-1000000,-1000000,-1000000,5.87006781566004,12.5174155201074,13.4584869921779,-1000000.0,3.42605607251409,-1000000.0,-1000000.0,41.1505252518421,396.894479783241,H23,NBA,14
132,16.03-22.03.2023,-1000000,-1000000.0,1.8896663142885,4.36973376585864,1.91267385894494,-1000000.0,3.02009852378185,-1000000.0,-1000000.0,-1000000,-1000000,-1000000,-1000000,-1000000.0,-1000000.0,7.65488771399732,-1000000.0,-1000000.0,-1000000.0,-1000000.0,18.8470601768713,478.228986695986,H23,NHA,14
133,16.03-22.03.2023,-1000000,-1000000.0,-1000000.0,1.52259704633971,1.0,-1000000.0,-1000000.0,-1000000.0,-1000000.0,-1000000,-1000000,-1000000,-1000000,-1000000.0,-1000000.0,-1000000.0,-1000000.0,-1000000.0,-1000000.0,-1000000.0,2.09387296327679,222.795148651802,H23,EXT,14
134,16.03-22.03.2023,-1000000,-1000000.0,1.0,1.28623840582138,1.0,-1000000.0,2.03084652150038,-1000000.0,-1000000.0,-1000000,-1000000,-1000000,-1000000,-1000000.0,-1000000.0,5.78898372725366,-1000000.0,-1000000.0,-1000000.0,-1000000.0,10.0558894451815,329.692825001857,H23,NBA,6
135,16.03-22.03.2023,-1000000,-1000000.0,-1000000.0,1.18979659921781,1.0,-1000000.0,2.1322563478875,-1000000.0,-1000000.0,-1000000,-1000000,-1000000,-1000000,-1000000.0,-1000000.0,6.48223015038203,-1000000.0,-1000000.0,-1000000.0,2.50721647664498,12.786168463995,294.147641761369,H23,NHA,6
136,16.03-22.03.2023,-1000000,-1000000.0,-1000000.0,1.0,-1000000.0,-1000000.0,-1000000.0,-1000000.0,-1000000.0,-1000000,-1000000,-1000000,-1000000,-1000000.0,-1000000.0,-1000000.0,-1000000.0,-1000000.0,-1000000.0,-1000000.0,0.904652687003539,253.71840932658,H23,EXT,6
137,22.03-29.03.2023,-1000000,-1000000.0,-1000000.0,1.0,-1000000.0,-1000000.0,1.73380830210978,-1000000.0,-1000000.0,-1000000,-1000000,-1000000,-1000000,-1000000.0,-1000000.0,4.7007372571723,-1000000.0,-1000000.0,-1000000.0,4.7667327672703,11.950301965439,313.861653823425,H23,NBA,6
138,22.03-29.03.2023,-1000000,-1000000.0,-1000000.0,1.0,-1000000.0,-1000000.0,2.17689585887295,-1000000.0,-1000000.0,-1000000,-1000000,-1000000,-1000000,-1000000.0,-1000000.0,7.08946106909703,-1000000.0,-1000000.0,-1000000.0,10.3712765210211,20.4072263817571,324.835483102896,H23,NHA,6
139,22.03-29.03.2023,-1000000,-1000000.0,-1000000.0,-1000000.0,-1000000.0,-1000000.0,-1000000.0,-1000000.0,-1000000.0,-1000000,-1000000,-1000000,-1000000,-1000000.0,-1000000.0,-1000000.0,-1000000.0,-1000000.0,-1000000.0,-1000000.0,34.3134985383622,186.258882339234,H23,EXT,6
140,22.03-29.03.2023,-1000000,-1000000.0,1.96263253384327,5.09314640195469,2.35459887357787,3.0442485703176,2.68904020461321,-1000000.0,-1000000.0,-1000000,-1000000,-1000000,-1000000,-1000000.0,2.46527618181734,8.04637997401225,5.76806955573969,-1000000.0,5.35055502062462,3.04276513952454,39.8167124560251,418.557281885716,H23,NBA,14
141,22.03-29.03.2023,-1000000,-1000000.0,3.12485386182522,6.62386394299745,3.02921827251296,-1000000.0,4.94184151627903,-1000000.0,-1000000.0,-1000000,-1000000,-1000000,-1000000,-1000000.0,2.25725365616189,11.8625033337699,-1000000.0,-1000000.0,3.2251342076865,1.78453615390292,36.8492049451359,573.006777742168,H23,NHA,14
142,22.03-29.03.2023,-1000000,-1000000.0,-1000000.0,1.0,-1000000.0,-1000000.0,-1000000.0,-1000000.0,-1000000.0,-1000000,-1000000,-1000000,-1000000,-1000000.0,-1000000.0,-1000000.0,-1000000.0,-1000000.0,-1000000.0,-1000000.0,0.702803744961591,223.12762587572,H23,EXT,14
